Hu骨	NA	2015年1月1日至今（且只保留有图片的）	主关键词单独搜索，就不是很多，所以不需要附加词
虎骨	文玩/掌骨/大猫骨	2015年1月27日至今（且只保留有图片的）	主关键词单独搜索结果过多，不聚焦，因此需要附加词
虎爪	虎骨	2015年1月28日至今（且只保留有图片的）	主关键词单独搜索结果过多，不聚焦，因此需要附加词
H骨	文玩/虎gu/掌骨/大猫骨	2015年1月29日至今（且只保留有图片的）	主关键词单独搜索结果过多，不聚焦，因此需要附加词
虎gu	NA	2015年1月30日至今（且只保留有图片的）	主关键词单独搜索结果过多，不聚焦，因此需要附加词
掌骨	虎骨/王骨/大猫骨	2015年1月31日至今（且只保留有图片的）	主关键词单独搜索结果过多，不聚焦，因此需要附加词
Hugu	NA	2015年1月32日至今（且只保留有图片的）	主关键词单独搜索，就不是很多，所以不需要附加词
王骨	NA	2015年1月33日至今（且只保留有图片的）	主关键词单独搜索，就不是很多，所以不需要附加词
大猫骨	NA	2015年1月34日至今（且只保留有图片的）	主关键词单独搜索，就不是很多，所以不需要附加词

